INSERT INTO airport_info 
VALUES ('ATL', 'Hartsfield Jackson', 'Atlanta', 'GA', 'US'),
       ('LAX', 'Los Angeles', 'Los Angeles', 'CA', 'US'),
       ('ORD', 'OHare', 'Chicago', 'IL', 'US'),
       ('DFW', 'Fort Worth', 'Dallas', 'TX', 'US'),
       ('IAH', 'George Bush', 'Houston', 'TX', 'US'),
       ('PEK', 'Beijing Capital', 'Beijing', null, 'China'),
       ('DXB', 'Dubai', 'Dubai', null, 'United Arab Emirates'),
       ('HND', 'Tokyo Haneda', 'Tokyo', null, 'Japan'),
       ('LHR', 'London Heathrow', 'London', null, 'United Kingdom'),
       ('HKG', 'Hong Kong', 'Hong Kong', null, 'China'),
       ('PVG', 'Shanghai Pudong', 'Shanghai', null, 'China'),
       ('CDG', 'Paris Charles de Gaulle', 'Paris', 'Ile-de-France', 'France'),
       ('AMS', 'Amsterdam', 'Amsterdam', 'North Holland', 'The Netherlands'),
       ('DEL', 'Indira Grandhi', 'Delhi', null, 'India'),
       ('FRA', 'Frankfurt', 'Frankfurt', 'Hesse', 'Germany'),
       ('ICN', 'Seoul Incheon', 'Seoul', null, 'Republic of Korea'),
       ('IST', 'Istanbul Ataturk', 'Istanbul', null, 'Turkey'),
       ('CGK', 'Soekarno Hatta', 'Jakarta', 'Banten', 'Indonesia'),
       ('SIN', 'Singapore Changi', 'Changi', null, 'Singapore'),
       ('BKK', 'Suvarnabhumi', 'Bangkok', null, 'Thailand');
INSERT INTO seat_class_info 
VALUES (1, 'economy'),
       (2, 'business');
INSERT INTO aircraft_info
VALUES (1, 'B787-10'),
       (2, 'B777-300ER'),
       (3, 'B737-800'),
       (4, 'B787-10'),
       (5, 'B777-300ER');
INSERT INTO model_B787_10
VALUES('1A', 2),
	 ('1B', 2),
	 ('1C', 2),
	 ('1D', 2),
	 ('3D', 2),
	 ('12B', 1),
	 ('14F', 1),
	 ('30E', 1),
	 ('24C', 1),
	 ('21D', 1);
INSERT INTO model_B777_300ER
VALUES('10B', 2),
	 ('11D', 2),
	 ('7A', 2),
	 ('3C', 2),
	 ('2D', 2),
	 ('11B', 1),
	 ('15F', 1),
	 ('17H', 1),
	 ('18G', 1),
	 ('22E', 1);
INSERT INTO model_B737_800
VALUES('1B', 2),
	 ('2C', 2),
	 ('3D', 2),
	 ('23A', 1),
	 ('12E', 1),
	 ('14B', 1),
	 ('17C', 1),
	 ('18F', 1),
	 ('21B', 1),
	 ('25D', 1);
INSERT INTO tax_type_info 
VALUES(1, 'Local', 8.25),
	(2, 'International', 12);
INSERT INTO flight_route_info
VALUES (1, 'IAH-LAX', 'IAH', 'LAX', 210, 1),
	(2, 'ATL-IAH', 'ATL', 'IAH', 135, 1),
	(3, 'IAH-ORD', 'IAH', 'ORD', 1501, 1),
	(4, 'ORD-LAX', 'ORD', 'LAX', 265, 1),
	(5, 'LAX-ATL', 'LAX', 'ATL', 280, 1),
	(6, 'LAX-HND-BKK', 'LAX', 'BKK', 1080, 2),
	(7, 'LAX-PEK', 'LAX', 'PEK', 760, 2),
	(8, 'DXB-HKG', 'DXB', 'HKG', 430, 2),
	(9, 'PVG-CDG-AMS', 'PVG', 'AMS', 820, 2),
	(10, 'SIN-ICN', 'SIN', 'ICN', 385, 2),
	(11, 'IAH-AMS-FRA-DEL', 'IAH', 'DEL', 1080, 2),
	(12, 'CDG-LHR', 'CDG', 'LHR', 70, 2),
	(13, 'CGK-IST', 'CGK', 'IST', 720, 2),
	(14, 'HND-HKG', 'HND', 'HKG', 275, 2),
	(15, 'ORD-LHR', 'ORD', 'LHR', 460, 2),
	(16, 'IAH-IST-AMS', 'IAH', 'AMS', 950, 2),
	(17, 'CDG-FRA', 'CDG', 'FRA', 80, 2),
	(18, 'BKK-SIN', 'BKK', 'SIN', 135, 2),
	(19, 'PEK-LAX-IAH', 'PEK', 'IAH', 1035, 2),
	(20, 'AMS-LHR-DEL-SIN', 'AMS', 'SIN', 935, 2),
	(21, 'LAX-PVG', 'LAX', 'PVG', 820, 2),
	(22, 'AMS', 'AMS', null, null, null),
	(23, 'PEK', null, 'PEK', null, null),
	(24, 'IAH-DFW', 'IAH', 'DFW', 55, 1),
	(25, 'IAH-DXB', 'IAH', 'DXB', 957, 2),
	(26, 'IAH-HND', 'IAH', 'HND', 788, 2),
	(27, 'IAH-CDG', 'IAH', 'CDG', 600, 2),
	(28, 'IAH-CGK', 'IAH', 'CGK', 1195, 2),
	(29, 'LAX', 'LAX', null, null, null),
	(30, 'LHR-CDG', 'LHR', 'CDG', 70, 2),
	(31, 'IST-CGK', 'IST', 'CGK', 720, 2),
	(32, 'HKG-HND', 'HKG', 'HND', 275, 2),
	(33, 'LHR-ORD', 'LHR', 'ORD', 460, 2),
	(34, 'FRA-CDG', 'FRA', 'CDG', 80, 2),
	(35, 'SIN-BKK', 'SIN', 'BKK', 135, 2);
INSERT INTO leg_detail_info
VALUES (1, 210, 1370, 'IAH', 'LAX'),
	(2, 135, 687, 'ATL', 'IAH'),
	(3, 150, 926, 'IAH', 'ORD'),
	(4, 265, 1740, 'ORD', 'LAX'),
	(5, 280, 1940, 'LAX', 'ATL'),
	(6, 700, 5470, 'LAX', 'HND'),
	(7, 380, 2850, 'HND', 'BKK'),
	(8, 760, 6250, 'LAX', 'PEK'),
	(9, 430, 3690, 'DXB', 'HKG'),
	(10, 740, 5740, 'PVG', 'CDG'),
	(11, 80, 247, 'CDG', 'AMS'),
	(12, 385, 2890, 'SIN', 'ICN'),
	(13, 555, 5000, 'IAH', 'AMS'),
	(14, 65, 227, 'AMS', 'FRA'),
	(15, 460, 3800, 'FRA', 'DEL'),
	(16, 70, 215, 'CDG', 'LHR'),
	(17, 720, 5870, 'CGK', 'IST'),
	(18, 275, 1790, 'HND', 'HKG'),
	(19, 460, 3940, 'ORD', 'LHR'),
	(20, 720, 6370, 'IAH', 'IST'),
	(21, 230, 1370, 'IST', 'AMS'),
	(22, 80, 279, 'CDG', 'FRA'),
	(23, 135, 897, 'BKK', 'SIN'),
	(24, 825, 6970, 'PEK', 'LAX'),
	(25, 75, 230, 'AMS', 'LHR'),
	(26, 515, 4180, 'LHR', 'DEL'),
	(27, 345, 2580, 'DEL', 'SIN'),
	(28, 820, 6485, 'LAX', 'PVG'),
	(29, 210, 1370, 'LAX', 'IAH'),
	(30, 55, 224, 'IAH', 'DFW'),
	(31, 957, 8186, 'IAH', 'DXB'),
	(32, 788, 6677, 'IAH', 'HND'),
	(33, 600, 5026, 'IAH', 'CDG'),
	(34, 1195, 10260, 'IAH', 'CGK'),
	(35, 70, 215, 'LHR', 'CDG'),
	(36, 720, 5870, 'IST', 'CGK'),
	(37, 275, 1790, 'HKG', 'HND'),
	(38, 460, 3940, 'LHR', 'ORD'),
	(39, 80, 279, 'FRA', 'CDG'),
	(40, 135, 897, 'SIN', 'BKK');
INSERT INTO leg_route_info
VALUES (1, 1, 1),
	(2, 2, 2),
	(3, 3, 3),
	(4, 4, 4),
	(5, 5, 5),
	(6, 6, 6),
	(7, 7, 6),
	(8, 8, 7),
	(9, 9, 8),
	(10, 10, 9),
	(11, 11, 9),
	(12, 12, 10),
	(13, 13, 11),
	(14, 14, 11),
	(15, 15, 11),
	(16, 16, 12),
	(17, 17, 13),
	(18, 18, 14),
	(19, 19, 15),
	(20, 20, 16),
	(21, 21, 16),
	(22, 22, 17),
	(23, 23, 18),
	(24, 24, 19),
	(25, 29, 19),
	(26, 25, 20),
	(27, 26, 20),
	(28, 27, 20),
	(29, 28, 21),
	(30, 30, 24),
	(31, 31, 25),
	(32, 32, 26),
	(33, 33, 27),
	(34, 34, 28),
	(35, 35, 30),
	(36, 36, 31),
	(37, 37, 32),
	(38, 38, 33),
	(39, 39, 34),
	(40, 40, 35);
INSERT INTO membership_level_info
VALUES (1, 'None'),
       (2, 'Silver'),
       (3, 'Gold'),
       (4, 'Platinum');
INSERT INTO membership_info
VALUES (955079, 2003, 4206, '1'),
       (761220, 5161, 10838, '1'),
       (221369, 12546, 12546, '1'),
       (900713, 10298, 21625, '1'),
       (172982, 21652, 28147, '1'),
       (963344, 15794, 33167, '1'),
       (723677, 14362, 38777, '1'),
       (577279, 19218, 44201, '1'),
       (730511, 35148, 45692, '1'),
       (905209, 45889, 45889, '1'),
       (668904, 17023, 51069, '2'),
       (454929, 25558, 51116, '2'),
       (475464, 28967, 52140, '2'),
       (182139, 17642, 52926, '2'),
       (353127, 59881, 59881, '2'),
       (134807, 21415, 59962, '2'),
       (775183, 56748, 62422, '2'),
       (106107, 57156, 74302, '2'),
       (500514, 54034, 75647, '2'),
       (570650, 82856, 82856, '2'),
       (654034, 76025, 83627, '2'),
       (576812, 65990, 85787, '2'),
       (939834, 73424, 88108, '2'),
       (506788, 88252, 97077, '2'),
       (726207, 61219, 104072, '2'),
       (102157, 95418, 104959, '2'),
       (899708, 50556, 106167, '2'),
       (622164, 38830, 112607, '2'),
       (387687, 75453, 113179, '2'),
       (432887, 72436, 115897, '2'),
       (457569, 44410, 119907, '2'),
       (248745, 46853, 121817, '2'),
       (615407, 47669, 123939, '2'),
       (841264, 82824, 124236, '2'),
       (517164, 51960, 124704, '2'),
       (940112, 48012, 124831, '2'),
       (457502, 51751, 129377, '3'),
       (196939, 73916, 133048, '3'),
       (378721, 55406, 144055, '3'),
       (288393, 93901, 150241, '3'),
       (684450, 60118, 150295, '3'),
       (663784, 69923, 153830, '3'),
       (241586, 56536, 163954, '3'),
       (686547, 56414, 169242, '3'),
       (642237, 70597, 190611, '3'),
       (606669, 82809, 198741, '3'),
       (212511, 79290, 206154, '4'),
       (906769, 84956, 246372, '4'),
       (321051, 97541, 273114, '4'),
       (988373, 98174, 274887, '4');
INSERT INTO customer_info
VALUES (598062063, 'Lorita', 'Presson', '9/10/1938', '4909069150', '774 Charles Dr.', 'Istanbul', 'Turkey', 730511),
       (160981247, 'Robbi', 'Martir', '7/5/1940', '4852065699', '91 North Heather Ave.', 'Los Angeles', 'US', 606669),
       (403748913, 'Johnie', 'Hartzell', '9/28/1943', '6074899538', '93 Southampton St.', 'Hampden', 'Spain', 475464),
       (707044334, 'Belkis', 'Harden', '10/16/1945', '9463192627', '92 Bay Meadows Drive', 'Seoul', 'Republic of Korea', 668904),
       (478763761, 'Kassandra', 'Bax', '12/9/1950', '9794205845', '7745 N. 1st Ave.', 'Gluek', 'US', 622164),
       (420164533, 'Tamatha', 'Clevenger', '12/8/1951', '1095737118', '506 South Lakeview St.', 'Monterey Park Tract', 'France', 775183),
       (167427539, 'Horacio', 'Lembke', '6/26/1952', '3809740752', '8 Indian Summer Road', 'Rifton', 'Germany', 988373),
       (976732892, 'Oralee', 'Cap', '9/14/1955', '8929705033', '662 Pearl Street', 'Wawawai', 'China', 684450),
       (634635049, 'Kareen', 'Lunn', '11/27/1955', '2767559677', '827 E. Crescent Street', 'Los Angeles', 'US', 353127),
       (735689356, 'Palmira', 'Sweigart', '4/11/1962', '6128549529', '7553 Middle River Street', 'Changi', 'Singapore', 955079),
       (426060668, 'Shaquana', 'Yetter', '12/23/1965', '1101442670', '73 Stonybrook Ave.', 'Primghar', 'France', 378721),
       (508731143, 'Deena', 'Wallace', '3/14/1967', '8876222555', '8805 Oak Meadow Ave.', 'Sutherland', 'Mexico', 761220),
       (886573029, 'Isabell', 'Fillmore', '6/13/1967', '2742621295', '4 Trout St.', 'Los Angeles', 'US', 654034),
       (196971914, 'Zetta', 'Feher', '12/12/1967', '9414801787', '64 Marlborough Ave.', 'Delhi', 'India', 906769),
       (179824388, 'Chia', 'Hougen', '3/18/1968', '3715616922', '16 NE. School St.', 'Jim Falls', 'Mexico', 900713),
       (715579867, 'Theresa', 'Garzon', '8/23/1968', '9697774638', '9032 Beaver Ridge Dr.', 'Muscle Shoals', 'France', 182139),
       (122654541, 'Ronna', 'Segars', '3/9/1971', '8621341732', '255 Oxford Drive', 'London', 'United Kingdom', 212511),
       (560459630, 'Delbert', 'Graf', '4/8/1973', '5896629980', '8097 North Helen St.', 'Hammett', 'Spain', 663784),
       (416002313, 'Trudie', 'Murrow', '7/9/1973', '8361520214', '45 Summer Dr.', 'Mound City', 'Canada', 106107),
       (161954513, 'Harriette', 'Goldston', '9/20/1973', '2114920368', '346 Peg Shop Drive', 'Frankfurt', 'Germany', 457569),
       (856860886, 'Cherry', 'Liberty', '11/14/1974', '7928153873', '456 Cactus Ave.', 'Houston', 'US', 577279),
       (280828257, 'Maddie', 'Birdsell', '12/1/1984', '4805176628', '7155 Chestnut St.', 'Grenola', 'Canada', 686547),
       (440034599, 'Mellie', 'Eguia', '8/8/1986', '6108086532', '9929 Broad Drive', 'Hong Kong', 'China', 615407),
       (271332820, 'Zada', 'Solem', '1/30/1989', '3867654448', '507 Ivy Ave.', 'Chelatna Lodge', 'France', 905209),
       (513136325, 'Ryann', 'Prins', '2/25/1989', '5373189054', '27 North Pilgrim Avenue', 'Atlanta', 'US', 321051),
       (255499109, 'Dylan', 'Cotta', '12/12/1940', '4842678304', '8769 Glendale Drive', 'Houston', 'US', 196939),
       (734152381, 'Terrilyn', 'Chamber', '12/14/1942', '4997683461', '8150 Sulphur Springs St.', 'Paris', 'France', 102157),
       (237173103, 'Leatrice', 'Fleck', '9/19/1949', '1520270137', '7670 Thomas Ave.', 'Bronson', 'United Kingdom', 248745),
       (705534142, 'Brittaney', 'Santoro', '12/25/1949', '8136050260', '427 Iroquois Ave.', 'Coates', 'Canada', 432887),
       (118781419, 'Reginald', 'Eis', '4/21/1951', '3993311981', '9052 Whitemarsh Ave.', 'Boonsboro', 'Mexico', 576812),
       (352078437, 'Antonina', 'Wengert', '9/19/1952', '7449067502', '4 West Grandrose Drive', 'Bangkok', 'Thailand', 221369),
       (117232831, 'Moses', 'Jinks', '5/19/1956', '7925663790', '8485 Peg Shop Dr.', 'Arrow Creek', 'China', 899708),
       (250494884, 'Laverne', 'Azar', '5/26/1959', '1351073048', '8025 Sutor Drive', 'Dubai', 'United Arab Emirates', 517164),
       (565148876, 'Lucilla', 'Counts', '9/27/1959', '2322042058', '28 Acacia Drive', 'Amsterdam', 'The Netherlands', 457502),
       (282749495, 'Arlene', 'Albers', '10/2/1959', '2172732569', '9283 Wintergreen St.', 'Dallas', 'US', 134807),
       (446167614, 'Carlota', 'Liebsch', '3/15/1961', '6642683916', '14 Fawn St.', 'Dallas', 'US', 288393),
       (695667172, 'Chau', 'Huizar', '3/21/1962', '5734556854', '7 Philmont St.', 'Acworth', 'France', 726207),
       (321125102, 'Elsa', 'Zubia', '8/25/1962', '1228776664', '935 Pennsylvania Avenue', 'Chicago', 'US', 241586),
       (384921896, 'Timika', 'Ramaker', '1/3/1964', '8948852083', '21 High Noon Ave.', 'Chicago', 'US', 841264),
       (812551361, 'Jacqueline', 'Richards', '3/21/1964', '7093608547', '40 Mammoth Ave.', 'Jakarta', 'Indonesia', 500514),
       (631734200, 'Tamara', 'Weisinger', '5/23/1965', '7422688439', '985 West Cherry Street', 'Pontotoc', 'China', 642237),
       (461457889, 'Mabelle', 'Terrones', '8/15/1965', '6372096009', '39 Randall Mill Street', 'Paris', 'France', 387687),
       (508349102, 'Kittie', 'Minnis', '12/16/1967', '5904552535', '17 Nut Swamp Street', 'Royalton', 'Spain', 963344),
       (493697782, 'Aline', 'Demelo', '1/13/1971', '8583101152', '778 Woodland Road', 'Shanghai', 'China', 723677),
       (749468560, 'Meg', 'Bodine', '9/18/1971', '8023608748', '8955 Warren Lane', 'Leigh', 'United Kingdom', 172982),
       (734077939, 'Tula', 'Hoekstra', '6/14/1972', '6578802442', '51 Myrtle Road', 'Auburndale', 'Canada', 506788),
       (571372696, 'Carlene', 'Dogan', '6/13/1978', '8277010908', '70 Airport Court', 'Widener', 'Germany', 570650),
       (836315967, 'Jammie', 'Maltby', '8/14/1978', '2560045164', '133 Sage St.', 'Desert Hot Springs', 'US', 940112),
       (783375426, 'Eleanore', 'Regal', '9/27/1987', '8514600976', '9236 Harvey St.', 'Sand Springs', 'US', 939834),
       (754016069, 'Magda', 'Sia', '7/22/1990', '2772649899', '709 Princess Street', 'Beijing', 'China', 454929);
INSERT INTO payment_method_info
VALUES (1, 'Pending'),
       (2, 'Credit Card'),
       (3, 'Check'),
       (4, 'Bitcoin');
INSERT INTO reservation_info
VALUES (10031, '2019-02-07', 'Tamara Weisinger', 2, 2061.79, 247.41, 2309.2),
	(10032, '2019-02-08', 'Kittie Minnis', 1, 2061.79, 247.41, 2309.2),
	(10033, '2019-02-09', 'Aline Demelo', 2, 2061.79, 247.41, 2309.2),
	(10034, '2019-02-10', 'Meg Bodine', 2, 3092.68, 371.12, 3463.79),
	(10035, '2019-02-11', 'Carlene Dogan', 2, 2061.79, 247.41, 2309.2),
	(10036, '2019-02-12', 'Jammie Maltby', 1, 2061.79, 247.41, 2309.2),
	(10037, '2019-02-13', 'Eleanore Regal', 2, 2061.79, 247.41, 2309.2),
	(10038, '2019-02-14', 'Magda Sia', 1, 6660.9, 549.52, 7210.42),
	(10039, '2019-02-15', 'Tula Hoekstra', 2, 6660.9, 549.52, 7210.42),
	(10040, '2019-02-16', 'Mabelle Terrones', 3, 4440.6, 366.35, 4806.95),
	(10041, '2019-02-18', 'Aline Demelo', 1, 1120.89, 134.51, 1255.4),
	(10042, '2019-02-19', 'Zada Solem', 1, 747.26, 89.67, 836.93),
	(10043, '2019-02-19', 'Lucilla Counts', 1, 747.26, 89.67, 836.93),
	(10044, '2019-02-20', 'Kittie Minnis', 1, 747.26, 89.67, 836.93),
	(10045, '2019-02-20', 'Chau Huizar', 2, 6551.58, 786.19, 7337.77),
	(10046, '2019-02-21', 'Chau Huizar', 2, 6660.9, 549.52, 7210.42),
	(10047, '2019-02-21', 'Chau Huizar', 2, 2060.18, 169.96, 2230.14),
	(10048, '2019-02-22', 'Chau Huizar', 2, 3092.68, 255.15, 3347.83),
	(10049, '2019-02-22', 'Chau Huizar', 2, 3092.68, 255.15, 3347.83),
	(10050, '2019-02-23', 'Chau Huizar', 2, 1120.89, 92.47, 1213.36),
	(10051, '2019-02-23', 'Chau Huizar', 2, 973.75, 116.85, 1090.6),
	(10052, '2019-02-24', 'Chau Huizar', 2, 529.44, 63.53, 592.97),
	(10053, '2019-02-24', 'Chau Huizar', 2, 1120.89, 134.51, 1255.4),
	(10054, '2019-02-24', 'Chau Huizar', 2, 6551.58, 786.19, 7337.77),
	(10055, '2019-02-25', 'Chau Huizar', 2, 6660.9, 799.31, 7460.20),
	(10056, '2019-02-25', 'Chau Huizar', 2, 2060.18, 247.22, 2307.39),
	(10057, '2019-02-26', 'Chau Huizar', 2, 1859.89, 223.19, 2083.08),
	(10058, '2019-02-26', 'Chau Huizar', 2, 3092.68, 371.12, 3463.79),
	(10059, '2019-02-27', 'Chau Huizar', 2, 973.75, 116.85, 1090.6),
	(10060, '2019-02-28', 'Chau Huizar', 2, 6660.9, 799.31, 7460.20),
	(10061, '2019-03-01', 'Chau Huizar', 2, 529.44, 63.53, 592.97),
	(10062, '2019-03-01', 'Chau Huizar', 2, 6660.9, 799.31, 7460.20),
	(10063, '2019-03-02', 'Chau Huizar', 2, 3092.68, 371.12, 3463.79),
	(10064, '2019-03-02', 'Chau Huizar', 2, 1120.89, 134.51, 1255.4),
	(10065, '2019-03-02', 'Chau Huizar', 2, 2060.18, 247.22, 2307.39),
	(10066, '2019-03-03', 'Chau Huizar', 2, 6551.58, 786.19, 7337.77),
	(10067, '2019-03-03', 'Chau Huizar', 2, 973.75, 116.85, 1090.6),
	(10068, '2019-03-03', 'Chau Huizar', 2, 3092.68, 371.12, 3463.79),
	(10069, '2019-03-04', 'Chau Huizar', 2, 1120.89, 134.51, 1255.4),
	(10070, '2019-03-04', 'Chau Huizar', 2, 1859.89, 223.19, 2083.08),
	(10071, '2019-03-06', 'Chau Huizar', 2, 6551.58, 786.19, 7337.77),
	(10072, '2019-03-07', 'Zada Solem', 2, 1120.89, 134.51, 1255.4),
	(10073, '2019-03-09', 'Zada Solem', 2, 6551.58, 786.19, 7337.77),
	(10074, '2019-03-09', 'Zada Solem', 2, 973.75, 116.85, 1090.6),
	(10075, '2019-03-11', 'Mabelle Terrones', 2, 747.26, 89.67, 836.93),
	(10076, '2019-03-13', 'Mabelle Terrones', 2, 973.75, 116.85, 1090.6),
	(10077, '2019-03-15', 'Moses Jinks', 2, 1120.89, 134.51, 1255.4),
	(10078, '2019-03-17', 'Moses Jinks', 2, 4367.72, 524.13, 4891.85),
	(10079, '2019-03-08', 'Chau Huizar', 2, 3092.68, 371.12, 3463.79),
	(10080, '2019-03-10', 'Chau Huizar', 2, 973.75, 116.85, 1090.6),
	(10081, '2019-03-12', 'Chau Huizar', 2, 529.44, 63.53, 592.97),
	(10082, '2019-03-14', 'Chau Huizar', 2, 973.75, 116.85, 1090.6),
	(10083, '2019-03-16', 'Chau Huizar', 2, 2060.18, 247.22, 2307.39),
	(10084, '2019-03-18', 'Chau Huizar', 2, 6551.58, 786.19, 7337.77);
INSERT INTO flight_status_info
VALUES (1, 'on time'),
	(2, 'delayed'),
	(3, 'arrived'),
	(4, 'departed'),
	(5, 'cancelled');
INSERT INTO trip_status_info
VALUES (1, 'completed'),
       (2, 'pending'),
       (3, 'cancelled');
INSERT INTO trip_info
VALUES (31, 'ME156', '02-20-2019', '02:00', 1, 22, 1, 1, 747.26, 1120.89, '02:00'),
		(32, 'ME492', '02-21-2019', '02:15', 5, 23, 1, 1, 4367.72, 6551.58, '02:15'),
		(33, 'ME500', '02-22-2019', '10:00', 2, 1, 1, 1, 4440.6, 6660.9, '10:00'),
		(34, 'ME501', '02-24-2019', '11:00', 3, 2, 1, 1, 1373.45, 2060.18, '09:30'),
		(35, 'ME502', '02-26-2019', '09:30', 4, 3, 1, 1, 1239.93, 1859.89, '09:30'),
		(36, 'ME503', '02-28-2019', '10:00', 5, 4, 1, 1, 2061.79, 3092.68, '10:00'),
		(37, 'ME504', '03-02-2019', '09:30', 1, 5, 1, 1, 747.26, 1120.89, '09:30'),
		(38, 'ME505', '03-04-2019', '11:00', 2, 6, 1, 1, 649.17, 973.75, '11:00'),
		(39, 'ME506', '03-06-2019', '10:00', 3, 7, 1, 1, 352.96, 529.44, '10:00'),
		(40, 'ME507', '03-08-2019', '09:30', 4, 8, 1, 1, 747.26, 1120.89, '09:30'),
		(41, 'ME508', '03-10-2019', '10:00', 5, 9, 1, 1, 4367.72, 6551.58, '10:00'),
		(42, 'ME509', '03-12-2019', '11:00', 1, 10, 1, 1, 4440.6, 6660.9, '11:00'),
		(43, 'ME510', '03-14-2019', '10:00', 2, 11, 1, 1, 1373.45, 2060.18, '10:00'),
		(44, 'ME511', '03-16-2019', '09:30', 3, 12, 1, 1, 1239.93, 1859.89, '09:30'),
		(45, 'ME512', '03-18-2019', '10:00', 4, 13, 1, 1, 2061.79, 3092.68, '10:00'),
		(46, 'ME513', '03-20-2019', '11:00', 5, 14, 1, 1, 649.17, 973.75, '11:00'),
		(47, 'ME514', '03-22-2019', '10:00', 1, 15, 1, 1, 4440.6, 6660.9, '10:00'),
		(48, 'ME515', '03-24-2019', '09:30', 2, 16, 1, 1, 352.96, 529.44, '09:30'),
		(49, 'ME516', '03-26-2019', '10:00', 3, 17, 1, 1, 4440.6, 6660.9, '10:00'),
		(50, 'ME517', '03-28-2019', '11:00', 4, 18, 1, 1, 2061.79, 3092.68, '11:00'),
		(51, 'ME518', '03-30-2019', '09:30', 5, 19, 1, 1, 747.26, 1120.89, '09:30'),
		(52, 'ME519', '04-01-2019', '10:00', 1, 20, 1, 1, 1373.45, 2060.18, '10:00'),
		(53, 'ME520', '04-03-2019', '09:30', 2, 21, 1, 1, 4367.72, 6551.58, '09:30'),
		(54, 'ME521', '04-05-2019', '10:00', 3, 24, 1, 1, 649.17, 973.75, '10:00'),
		(55, 'ME522', '04-07-2019', '11:00', 4, 25, 1, 1, 2061.79, 3092.68, '11:00'),
		(56, 'ME523', '04-09-2019', '09:30', 5, 26, 1, 1, 747.26, 1120.89, '09:30'),
		(57, 'ME524', '04-11-2019', '10:00', 1, 27, 1, 1, 1239.93, 1859.89, '10:00'),
		(58, 'ME525', '04-13-2019', '11:00', 2, 28, 1, 1, 4367.72, 6551.58, '11:00'),
		(59, 'ME666', '04-12-2019', '08:00', 3, 29, 1, 1, 649.17, 973.75, '08:00'),
		(60, 'ME667', '04-13-2019', '08:30', 4, 30, 1, 1, 2061.79, 3092.68, '08:30'),
		(61, 'ME668', '04-15-2019', '09:30', 5, 31, 1, 1, 649.17, 973.75, '09:30'),
		(62, 'ME669', '04-17-2019', '10:30', 1, 32, 1, 1, 352.96, 529.44, '10:30'),
		(63, 'ME670', '04-19-2019', '11:30', 2, 33, 1, 1, 649.17, 973.75, '11:30'),
		(64, 'ME671', '04-21-2019', '12:30', 3, 34, 1, 1, 1373.45, 2060.18, '12:30'),
		(65, 'ME672', '04-23-2019', '13:30', 4, 35, 1, 1, 4367.72, 6551.58, '13:30');

INSERT INTO boarding_pass_info
VALUES (31, 60, 10031, '631734200'),
		(32, 60, 10032, '508349102'),
		(33, 60, 10033, '493697782'),
		(34, 50, 10034, '749468560'),
		(35, 50, 10035, '571372696'),
		(36, 50, 10036, '836315967'),
		(37, 50, 10037, '783375426'),
		(38, 33, 10038, '754016069'),
		(39, 33, 10039, '734077939'),
		(41, 33, 10040, '461457889'),
		(42, 31, 10041, '493697782'),
		(43, 31, 10042, '271332820'),
		(44, 31, 10043, '565148876'),
		(45, 31, 10044, '508349102'),
		(46, 32, 10045, '695667172'),
		(47, 33, 10046, '695667172'),
		(48, 34, 10047, '695667172'),
		(49, 36, 10048, '695667172'),
		(50, 36, 10049, '695667172'),
		(51, 37, 10050, '695667172'),
		(52, 38, 10051, '695667172'),
		(53, 39, 10052, '695667172'),
		(54, 40, 10053, '695667172'),
		(55, 41, 10054, '695667172'),
		(56, 42, 10055, '695667172'),
		(57, 43, 10056, '695667172'),
		(58, 44, 10057, '695667172'),
		(59, 45, 10058, '695667172'),
		(60, 46, 10059, '695667172'),
		(61, 47, 10060, '695667172'),
		(62, 48, 10061, '695667172'),
		(63, 49, 10062, '695667172'),
		(64, 50, 10063, '695667172'),
		(65, 51, 10064, '695667172'),
		(66, 52, 10065, '695667172'),
		(67, 53, 10066, '695667172'),
		(68, 54, 10067, '695667172'),
		(69, 55, 10068, '695667172'),
		(70, 56, 10069, '695667172'),
		(71, 57, 10070, '695667172'),
		(72, 58, 10071, '695667172'),
		(73, 31, 10072, '271332820'),
		(74, 32, 10073, '271332820'),
		(75, 59, 10074, '271332820'),
		(76, 31, 10075, '461457889'),
		(77, 59, 10076, '461457889'),
		(78, 31, 10077, '117232831'),
		(79, 32, 10078, '117232831'),
		(80, 60, 10079, '695667172'),
		(81, 61, 10080, '695667172'),
		(82, 62, 10081, '695667172'),
		(83, 63, 10082, '695667172'),
		(84, 64, 10083, '695667172'),
		(85, 65, 10084, '695667172');
INSERT INTO aircraft_seat_info 
VALUES ('ME156', '02-20-2019', 1, '1A', 2, 73),
		('ME156', '02-20-2019', 1, '1B', 2, 78),
		('ME156', '02-20-2019', 1, '1C', 2, null),
		('ME156', '02-20-2019', 1, '1D', 2, 42),
		('ME156', '02-20-2019', 1, '3D', 2, null),
		('ME156', '02-20-2019', 1, '12B', 1, 76),
		('ME156', '02-20-2019', 1, '14F', 1, 44),
		('ME156', '02-20-2019', 1, '30E', 1, null),
		('ME156', '02-20-2019', 1, '24C', 1, 43),
		('ME156', '02-20-2019', 1, '21D', 1, 45),
		('ME492', '02-21-2019', 5, '10B', 2, 46),
		('ME492', '02-21-2019', 5, '11D', 2, null),
		('ME492', '02-21-2019', 5, '7A', 2, null),
		('ME492', '02-21-2019', 5, '3C', 2, null),
		('ME492', '02-21-2019', 5, '2D', 2, null),
		('ME492', '02-21-2019', 5, '11B', 1, 76),
		('ME492', '02-21-2019', 5, '15F', 1, null),
		('ME492', '02-21-2019', 5, '17H', 1, null),
		('ME492', '02-21-2019', 5, '18G', 1, null),
		('ME492', '02-21-2019', 5, '22E', 1, null),
		('ME500', '02-22-2019', 2, '10B', 2, 47),
		('ME500', '02-22-2019', 2, '11D', 2, 38),
		('ME500', '02-22-2019', 2, '7A', 2, null),
		('ME500', '02-22-2019', 2, '3C', 2, 39),
		('ME500', '02-22-2019', 2, '2D', 2, null),
		('ME500', '02-22-2019', 2, '11B', 1, null),
		('ME500', '02-22-2019', 2, '15F', 1, null),
		('ME500', '02-22-2019', 2, '17H', 1, 41),
		('ME500', '02-22-2019', 2, '18G', 1, null),
		('ME500', '02-22-2019', 2, '22E', 1, null),
		('ME501', '02-24-2019', 3, '1B', 2, 48),
		('ME501', '02-24-2019', 3, '2C', 2, null),
		('ME501', '02-24-2019', 3, '3D', 2, null),
		('ME501', '02-24-2019', 3, '23A', 1, null),
		('ME501', '02-24-2019', 3, '12E', 1, null),
		('ME501', '02-24-2019', 3, '14B', 1, null),
		('ME501', '02-24-2019', 3, '17C', 1, null),
		('ME501', '02-24-2019', 3, '18F', 1, null),
		('ME501', '02-24-2019', 3, '21B', 1, null),
		('ME501', '02-24-2019', 3, '25D', 1, null),
		('ME502', '02-26-2019', 4, '3D', 2, null),
		('ME502', '02-26-2019', 4, '1A', 2, null),
		('ME502', '02-26-2019', 4, '1B', 2, null),
		('ME502', '02-26-2019', 4, '1C', 2, null),
		('ME502', '02-26-2019', 4, '1D', 2, null),
		('ME502', '02-26-2019', 4, '12B', 1, null),
		('ME502', '02-26-2019', 4, '14F', 1, null),
		('ME502', '02-26-2019', 4, '30E', 1, null),
		('ME502', '02-26-2019', 4, '24C', 1, null),
		('ME502', '02-26-2019', 4, '21D', 1, null),
		('ME503', '02-28-2019', 5, '10B', 2, 49),
		('ME503', '02-28-2019', 5, '11D', 2, null),
		('ME503', '02-28-2019', 5, '7A', 2, 50),
		('ME503', '02-28-2019', 5, '3C', 2, null),
		('ME503', '02-28-2019', 5, '2D', 2, null),
		('ME503', '02-28-2019', 5, '11B', 1, null),
		('ME503', '02-28-2019', 5, '15F', 1, null),
		('ME503', '02-28-2019', 5, '17H', 1, null),
		('ME503', '02-28-2019', 5, '18G', 1, null),
		('ME503', '02-28-2019', 5, '22E', 1, null),
		('ME504', '03-02-2019', 1, '1D', 2, 51),
		('ME504', '03-02-2019', 1, '1A', 2, null),
		('ME504', '03-02-2019', 1, '1B', 2, null),
		('ME504', '03-02-2019', 1, '1C', 2, null),
		('ME504', '03-02-2019', 1, '3D', 2, null),
		('ME504', '03-02-2019', 1, '12B', 1, null),
		('ME504', '03-02-2019', 1, '14F', 1, null),
		('ME504', '03-02-2019', 1, '30E', 1, null),
		('ME504', '03-02-2019', 1, '24C', 1, null),
		('ME504', '03-02-2019', 1, '21D', 1, null),
		('ME505', '03-04-2019', 2, '1A', 2, 52),
		('ME505', '03-04-2019', 2, '1B', 2, null),
		('ME505', '03-04-2019', 2, '1C', 2, null),
		('ME505', '03-04-2019', 2, '1D', 2, null),
		('ME505', '03-04-2019', 2, '3D', 2, null),
		('ME505', '03-04-2019', 2, '12B', 1, null),
		('ME505', '03-04-2019', 2, '14F', 1, null),
		('ME505', '03-04-2019', 2, '30E', 1, null),
		('ME505', '03-04-2019', 2, '24C', 1, null),
		('ME505', '03-04-2019', 2, '21D', 1, null),
		('ME506', '03-06-2019', 3, '10B', 2, 53),
		('ME506', '03-06-2019', 3, '11D', 2, null),
		('ME506', '03-06-2019', 3, '7A', 2, null),
		('ME506', '03-06-2019', 3, '3C', 2, null),
		('ME506', '03-06-2019', 3, '2D', 2, null),
		('ME506', '03-06-2019', 3, '11B', 1, null),
		('ME506', '03-06-2019', 3, '15F', 1, null),
		('ME506', '03-06-2019', 3, '17H', 1, null),
		('ME506', '03-06-2019', 3, '18G', 1, null),
		('ME506', '03-06-2019', 3, '22E', 1, null),
		('ME507', '03-08-2019', 4, '1A', 2, 54),
		('ME507', '03-08-2019', 4, '1B', 2, null),
		('ME507', '03-08-2019', 4, '1C', 2, null),
		('ME507', '03-08-2019', 4, '1D', 2, null),
		('ME507', '03-08-2019', 4, '3D', 2, null),
		('ME507', '03-08-2019', 4, '12B', 1, null),
		('ME507', '03-08-2019', 4, '14F', 1, null),
		('ME507', '03-08-2019', 4, '30E', 1, null),
		('ME507', '03-08-2019', 4, '24C', 1, null),
		('ME507', '03-08-2019', 4, '21D', 1, null),
		('ME508', '03-10-2019', 5, '10B', 2, 55),
		('ME508', '03-10-2019', 5, '11D', 2, null),
		('ME508', '03-10-2019', 5, '7A', 2, null),
		('ME508', '03-10-2019', 5, '3C', 2, null),
		('ME508', '03-10-2019', 5, '2D', 2, null),
		('ME508', '03-10-2019', 5, '11B', 1, null),
		('ME508', '03-10-2019', 5, '15F', 1, null),
		('ME508', '03-10-2019', 5, '17H', 1, null),
		('ME508', '03-10-2019', 5, '18G', 1, null),
		('ME508', '03-10-2019', 5, '22E', 1, null),
		('ME509', '03-12-2019', 1, '1A', 2, 56),
		('ME509', '03-12-2019', 1, '1B', 2, null),
		('ME509', '03-12-2019', 1, '1C', 2, null),
		('ME509', '03-12-2019', 1, '1D', 2, null),
		('ME509', '03-12-2019', 1, '3D', 2, null),
		('ME509', '03-12-2019', 1, '12B', 1, null),
		('ME509', '03-12-2019', 1, '14F', 1, null),
		('ME509', '03-12-2019', 1, '30E', 1, null),
		('ME509', '03-12-2019', 1, '24C', 1, null),
		('ME509', '03-12-2019', 1, '21D', 1, null),
		('ME510', '03-14-2019', 2, '10B', 2, 57),
		('ME510', '03-14-2019', 2, '11D', 2, null),
		('ME510', '03-14-2019', 2, '7A', 2, null),
		('ME510', '03-14-2019', 2, '3C', 2, null),
		('ME510', '03-14-2019', 2, '2D', 2, null),
		('ME510', '03-14-2019', 2, '11B', 1, null),
		('ME510', '03-14-2019', 2, '15F', 1, null),
		('ME510', '03-14-2019', 2, '17H', 1, null),
		('ME510', '03-14-2019', 2, '18G', 1, null),
		('ME510', '03-14-2019', 2, '22E', 1, null),
		('ME511', '03-16-2019', 3, '1B', 2, 58),
		('ME511', '03-16-2019', 3, '2C', 2, null),
		('ME511', '03-16-2019', 3, '3D', 2, null),
		('ME511', '03-16-2019', 3, '23A', 1, null),
		('ME511', '03-16-2019', 3, '12E', 1, null),
		('ME511', '03-16-2019', 3, '14B', 1, null),
		('ME511', '03-16-2019', 3, '17C', 1, null),
		('ME511', '03-16-2019', 3, '18F', 1, null),
		('ME511', '03-16-2019', 3, '21B', 1, null),
		('ME511', '03-16-2019', 3, '25D', 1, null),
		('ME512', '03-18-2019', 4, '1A', 2, 59),
		('ME512', '03-18-2019', 4, '1B', 2, null),
		('ME512', '03-18-2019', 4, '1C', 2, null),
		('ME512', '03-18-2019', 4, '1D', 2, null),
		('ME512', '03-18-2019', 4, '3D', 2, null),
		('ME512', '03-18-2019', 4, '12B', 1, null),
		('ME512', '03-18-2019', 4, '14F', 1, null),
		('ME512', '03-18-2019', 4, '30E', 1, null),
		('ME512', '03-18-2019', 4, '24C', 1, null),
		('ME512', '03-18-2019', 4, '21D', 1, null),
		('ME513', '03-20-2019', 5, '10B', 2, 60),
		('ME513', '03-20-2019', 5, '11D', 2, null),
		('ME513', '03-20-2019', 5, '7A', 2, null),
		('ME513', '03-20-2019', 5, '3C', 2, null),
		('ME513', '03-20-2019', 5, '2D', 2, null),
		('ME513', '03-20-2019', 5, '11B', 1, null),
		('ME513', '03-20-2019', 5, '15F', 1, null),
		('ME513', '03-20-2019', 5, '17H', 1, null),
		('ME513', '03-20-2019', 5, '18G', 1, null),
		('ME513', '03-20-2019', 5, '22E', 1, null),
		('ME514', '03-22-2019', 1, '1A', 2, 61),
		('ME514', '03-22-2019', 1, '1B', 2, null),
		('ME514', '03-22-2019', 1, '1C', 2, null),
		('ME514', '03-22-2019', 1, '1D', 2, null),
		('ME514', '03-22-2019', 1, '3D', 2, null),
		('ME514', '03-22-2019', 1, '12B', 1, null),
		('ME514', '03-22-2019', 1, '14F', 1, null),
		('ME514', '03-22-2019', 1, '30E', 1, null),
		('ME514', '03-22-2019', 1, '24C', 1, null),
		('ME514', '03-22-2019', 1, '21D', 1, null),
		('ME515', '03-24-2019', 2, '10B', 2, 62),
		('ME515', '03-24-2019', 2, '11D', 2, null),
		('ME515', '03-24-2019', 2, '7A', 2, null),
		('ME515', '03-24-2019', 2, '3C', 2, null),
		('ME515', '03-24-2019', 2, '2D', 2, null),
		('ME515', '03-24-2019', 2, '11B', 1, null),
		('ME515', '03-24-2019', 2, '15F', 1, null),
		('ME515', '03-24-2019', 2, '17H', 1, null),
		('ME515', '03-24-2019', 2, '18G', 1, null),
		('ME515', '03-24-2019', 2, '22E', 1, null),
		('ME516', '03-26-2019', 3, '1B', 2, 63),
		('ME516', '03-26-2019', 3, '2C', 2, null),
		('ME516', '03-26-2019', 3, '3D', 2, null),
		('ME516', '03-26-2019', 3, '23A', 1, null),
		('ME516', '03-26-2019', 3, '12E', 1, null),
		('ME516', '03-26-2019', 3, '14B', 1, null),
		('ME516', '03-26-2019', 3, '17C', 1, null),
		('ME516', '03-26-2019', 3, '18F', 1, null),
		('ME516', '03-26-2019', 3, '21B', 1, null),
		('ME516', '03-26-2019', 3, '25D', 1, null),
		('ME517', '03-28-2019', 4, '1A', 2, 64),
		('ME517', '03-28-2019', 4, '1B', 2, null),
		('ME517', '03-28-2019', 4, '1C', 2, 34),
		('ME517', '03-28-2019', 4, '1D', 2, null),
		('ME517', '03-28-2019', 4, '3D', 2, null),
		('ME517', '03-28-2019', 4, '12B', 1, 35),
		('ME517', '03-28-2019', 4, '14F', 1, 36),
		('ME517', '03-28-2019', 4, '30E', 1, 37),
		('ME517', '03-28-2019', 4, '24C', 1, null),
		('ME517', '03-28-2019', 4, '21D', 1, null),
		('ME518', '03-30-2019', 5, '10B', 2, 65),
		('ME518', '03-30-2019', 5, '11D', 2, null),
		('ME518', '03-30-2019', 5, '7A', 2, null),
		('ME518', '03-30-2019', 5, '3C', 2, null),
		('ME518', '03-30-2019', 5, '2D', 2, null),
		('ME518', '03-30-2019', 5, '11B', 1, null),
		('ME518', '03-30-2019', 5, '15F', 1, null),
		('ME518', '03-30-2019', 5, '17H', 1, null),
		('ME518', '03-30-2019', 5, '18G', 1, null),
		('ME518', '03-30-2019', 5, '22E', 1, null),
		('ME519', '04-01-2019', 1, '1A', 2, 66),
		('ME519', '04-01-2019', 1, '1B', 2, null),
		('ME519', '04-01-2019', 1, '1C', 2, null),
		('ME519', '04-01-2019', 1, '1D', 2, null),
		('ME519', '04-01-2019', 1, '3D', 2, null),
		('ME519', '04-01-2019', 1, '12B', 1, null),
		('ME519', '04-01-2019', 1, '14F', 1, null),
		('ME519', '04-01-2019', 1, '30E', 1, null),
		('ME519', '04-01-2019', 1, '24C', 1, null),
		('ME519', '04-01-2019', 1, '21D', 1, null),
		('ME520', '04-03-2019', 2, '10B', 2, 67),
		('ME520', '04-03-2019', 2, '11D', 2, null),
		('ME520', '04-03-2019', 2, '7A', 2, null),
		('ME520', '04-03-2019', 2, '3C', 2, null),
		('ME520', '04-03-2019', 2, '2D', 2, null),
		('ME520', '04-03-2019', 2, '11B', 1, null),
		('ME520', '04-03-2019', 2, '15F', 1, null),
		('ME520', '04-03-2019', 2, '17H', 1, null),
		('ME520', '04-03-2019', 2, '18G', 1, null),
		('ME520', '04-03-2019', 2, '22E', 1, null),
		('ME521', '04-05-2019', 3, '1B', 2, 68),
		('ME521', '04-05-2019', 3, '2C', 2, null),
		('ME521', '04-05-2019', 3, '3D', 2, null),
		('ME521', '04-05-2019', 3, '23A', 1, null),
		('ME521', '04-05-2019', 3, '12E', 1, null),
		('ME521', '04-05-2019', 3, '14B', 1, null),
		('ME521', '04-05-2019', 3, '17C', 1, null),
		('ME521', '04-05-2019', 3, '18F', 1, null),
		('ME521', '04-05-2019', 3, '21B', 1, null),
		('ME521', '04-05-2019', 3, '25D', 1, null),
		('ME522', '04-07-2019', 4, '1A', 2, 69),
		('ME522', '04-07-2019', 4, '1B', 2, null),
		('ME522', '04-07-2019', 4, '1C', 2, null),
		('ME522', '04-07-2019', 4, '1D', 2, null),
		('ME522', '04-07-2019', 4, '3D', 2, null),
		('ME522', '04-07-2019', 4, '12B', 1, null),
		('ME522', '04-07-2019', 4, '14F', 1, null),
		('ME522', '04-07-2019', 4, '30E', 1, null),
		('ME522', '04-07-2019', 4, '24C', 1, null),
		('ME522', '04-07-2019', 4, '21D', 1, null),
		('ME523', '04-09-2019', 5, '10B', 2, 70),
		('ME523', '04-09-2019', 5, '11D', 2, null),
		('ME523', '04-09-2019', 5, '7A', 2, null),
		('ME523', '04-09-2019', 5, '3C', 2, null),
		('ME523', '04-09-2019', 5, '2D', 2, null),
		('ME523', '04-09-2019', 5, '11B', 1, null),
		('ME523', '04-09-2019', 5, '15F', 1, null),
		('ME523', '04-09-2019', 5, '17H', 1, null),
		('ME523', '04-09-2019', 5, '18G', 1, null),
		('ME523', '04-09-2019', 5, '22E', 1, null),
		('ME524', '04-11-2019', 1, '1A', 2, 71),
		('ME524', '04-11-2019', 1, '1B', 2, null),
		('ME524', '04-11-2019', 1, '1C', 2, null),
		('ME524', '04-11-2019', 1, '1D', 2, null),
		('ME524', '04-11-2019', 1, '3D', 2, null),
		('ME524', '04-11-2019', 1, '12B', 1, null),
		('ME524', '04-11-2019', 1, '14F', 1, null),
		('ME524', '04-11-2019', 1, '30E', 1, null),
		('ME524', '04-11-2019', 1, '24C', 1, null),
		('ME524', '04-11-2019', 1, '21D', 1, null),
		('ME525', '04-13-2019', 2, '10B', 2, 72),
		('ME525', '04-13-2019', 2, '11D', 2, null),
		('ME525', '04-13-2019', 2, '7A', 2, null),
		('ME525', '04-13-2019', 2, '3C', 2, null),
		('ME525', '04-13-2019', 2, '2D', 2, null),
		('ME525', '04-13-2019', 2, '11B', 1, null),
		('ME525', '04-13-2019', 2, '15F', 1, null),
		('ME525', '04-13-2019', 2, '17H', 1, null),
		('ME525', '04-13-2019', 2, '18G', 1, null),
		('ME525', '04-13-2019', 2, '22E', 1, null),
		('ME666', '04-12-2019', 3, '1B', 2, 75),
		('ME666', '04-12-2019', 3, '2C', 2, 77),
		('ME666', '04-12-2019', 3, '3D', 2, null),
		('ME666', '04-12-2019', 3, '23A', 1, null),
		('ME666', '04-12-2019', 3, '12E', 1, null),
		('ME666', '04-12-2019', 3, '14B', 1, null),
		('ME666', '04-12-2019', 3, '17C', 1, null),
		('ME666', '04-12-2019', 3, '18F', 1, null),
		('ME666', '04-12-2019', 3, '21B', 1, null),
		('ME666', '04-12-2019', 3, '25D', 1, null),
		('ME667', '04-13-2019', 4, '1A', 2, 80),
		('ME667', '04-13-2019', 4, '1B', 2, null),
		('ME667', '04-13-2019', 4, '1C', 2, null),
		('ME667', '04-13-2019', 4, '1D', 2, null),
		('ME667', '04-13-2019', 4, '3D', 2, null),
		('ME667', '04-13-2019', 4, '12B', 1, 31),
		('ME667', '04-13-2019', 4, '14F', 1, 32),
		('ME667', '04-13-2019', 4, '30E', 1, 33),
		('ME667', '04-13-2019', 4, '24C', 1, null),
		('ME667', '04-13-2019', 4, '21D', 1, null),
		('ME668', '04-15-2019', 5, '10B', 2, 81),
		('ME668', '04-15-2019', 5, '11D', 2, null),
		('ME668', '04-15-2019', 5, '7A', 2, null),
		('ME668', '04-15-2019', 5, '3C', 2, null),
		('ME668', '04-15-2019', 5, '2D', 2, null),
		('ME668', '04-15-2019', 5, '11B', 1, null),
		('ME668', '04-15-2019', 5, '15F', 1, null),
		('ME668', '04-15-2019', 5, '17H', 1, null),
		('ME668', '04-15-2019', 5, '18G', 1, null),
		('ME668', '04-15-2019', 5, '22E', 1, null),
		('ME669', '04-17-2019', 1, '1A', 2, 82),
		('ME669', '04-17-2019', 1, '1B', 2, null),
		('ME669', '04-17-2019', 1, '1C', 2, null),
		('ME669', '04-17-2019', 1, '1D', 2, null),
		('ME669', '04-17-2019', 1, '3D', 2, null),
		('ME669', '04-17-2019', 1, '12B', 1, null),
		('ME669', '04-17-2019', 1, '14F', 1, null),
		('ME669', '04-17-2019', 1, '30E', 1, null),
		('ME669', '04-17-2019', 1, '24C', 1, null),
		('ME669', '04-17-2019', 1, '21D', 1, null),
		('ME670', '04-19-2019', 2, '10B', 2, 83),
		('ME670', '04-19-2019', 2, '11D', 2, null),
		('ME670', '04-19-2019', 2, '7A', 2, null),
		('ME670', '04-19-2019', 2, '3C', 2, null),
		('ME670', '04-19-2019', 2, '2D', 2, null),
		('ME670', '04-19-2019', 2, '11B', 1, null),
		('ME670', '04-19-2019', 2, '15F', 1, null),
		('ME670', '04-19-2019', 2, '17H', 1, null),
		('ME670', '04-19-2019', 2, '18G', 1, null),
		('ME670', '04-19-2019', 2, '22E', 1, null),
		('ME671', '04-21-2019', 3, '1B', 2, 84),
		('ME671', '04-21-2019', 3, '2C', 2, null),
		('ME671', '04-21-2019', 3, '3D', 2, null),
		('ME671', '04-21-2019', 3, '23A', 1, null),
		('ME671', '04-21-2019', 3, '12E', 1, null),
		('ME671', '04-21-2019', 3, '14B', 1, null),
		('ME671', '04-21-2019', 3, '17C', 1, null),
		('ME671', '04-21-2019', 3, '18F', 1, null),
		('ME671', '04-21-2019', 3, '21B', 1, null),
		('ME671', '04-21-2019', 3, '25D', 1, null),
		('ME672', '04-23-2019', 4, '1A', 2, 85),
		('ME672', '04-23-2019', 4, '1B', 2, null),
		('ME672', '04-23-2019', 4, '1C', 2, null),
		('ME672', '04-23-2019', 4, '1D', 2, null),
		('ME672', '04-23-2019', 4, '3D', 2, null),
		('ME672', '04-23-2019', 4, '12B', 1, null),
		('ME672', '04-23-2019', 4, '14F', 1, null),
		('ME672', '04-23-2019', 4, '30E', 1, null),
		('ME672', '04-23-2019', 4, '24C', 1, null),
		('ME672', '04-23-2019', 4, '21D', 1, null);
INSERT INTO boarding_pass_number_counter
VALUES (80);
INSERT INTO reservation_number_counter
VALUES (10079);